{"_default": {"1": {"n": 3656, "avgdeg": 84.69584245076587, "degen": 159, "name": "twittercrawl", "td": 2125, "m": 154824, "maxdeg": 1084}, "2": {"n": 115, "avgdeg": 10.660869565217391, "degen": 8, "name": "football", "td": 87, "m": 613, "maxdeg": 12}, "3": {"n": 1419, "avgdeg": 3.8590556730091614, "degen": 11, "name": "diseasome", "td": 37, "m": 2738, "maxdeg": 84}, "4": {"n": 75879, "avgdeg": 10.694395023656083, "m": 405740, "name": "soc-Epinions1", "degen": 95, "maxdeg": 3044}, "5": {"n": 1461, "avgdeg": 3.753593429158111, "degen": 19, "name": "netscience", "td": 28, "m": 2742, "maxdeg": 34}, "6": {"n": 62, "avgdeg": 5.129032258064516, "degen": 4, "name": "dolphins", "td": 26, "m": 159, "maxdeg": 12}, "7": {"n": 36692, "avgdeg": 10.020222391802028, "m": 183831, "name": "email-Enron", "degen": 47, "maxdeg": 1383}, "8": {"n": 331, "avgdeg": 5.619335347432024, "m": 930, "name": "hex", "degen": 3, "maxdeg": 6}, "9": {"n": 58228, "avgdeg": 7.353094731057223, "m": 214078, "name": "loc-brightkite_edges", "degen": 63, "maxdeg": 1134}, "10": {"n": 724, "avgdeg": 2.803867403314917, "m": 1015, "name": "codeminer", "degen": 4, "maxdeg": 55}, "11": {"n": 27769, "avgdeg": 25.37253772192013, "m": 352285, "name": "cit-HepTh", "degen": 39, "maxdeg": 2468}, "12": {"n": 77360, "avgdeg": 12.129782833505688, "m": 469180, "name": "soc-Slashdot0811", "degen": 63, "maxdeg": 2539}, "13": {"n": 34, "avgdeg": 4.588235294117647, "m": 78, "name": "karate", "degen": 4, "maxdeg": 17}, "14": {"n": 235, "avgdeg": 11.038297872340426, "m": 1297, "name": "airlines", "degen": 13, "maxdeg": 130}, "15": {"n": 376, "avgdeg": 3.24468085106383, "m": 610, "name": "photoviz dynamic", "degen": 4, "maxdeg": 29}, "16": {"n": 105, "avgdeg": 8.4, "m": 441, "name": "polbooks", "degen": 6, "maxdeg": 25}, "17": {"n": 1224, "avgdeg": 27.312091503267975, "m": 16715, "name": "polblogs", "degen": 38, "maxdeg": 351}, "18": {"n": 34546, "avgdeg": 24.36617842876165, "m": 420877, "name": "cit-HepPh", "degen": 30, "maxdeg": 846}, "19": {"n": 238, "avgdeg": 46.54621848739496, "m": 5539, "name": "sp_data_school_day_2", "degen": 33, "maxdeg": 88}, "20": {"n": 53, "avgdeg": 10.264150943396226, "m": 272, "name": "bergen", "degen": 9, "maxdeg": 32}, "21": {"n": 23133, "avgdeg": 8.078416115505988, "m": 93439, "name": "ca-CondMat", "degen": 25, "maxdeg": 279}, "22": {"n": 12006, "avgdeg": 19.738297517907714, "m": 118489, "name": "ca-HepPh", "td": 2153, "degen": 238, "maxdeg": 491}, "23": {"n": 77, "avgdeg": 6.597402597402597, "m": 254, "name": "lesmiserables", "degen": 9, "maxdeg": 36}, "24": {"n": 297, "td": 155, "avgdeg": 14.464646464646465, "m": 2148, "name": "celegans", "degen": 10, "maxdeg": 134}, "25": {"n": 112, "avgdeg": 7.589285714285714, "m": 425, "name": "word_adjacencies", "degen": 6, "maxdeg": 49}, "26": {"n": 839, "avgdeg": 5.034564958283671, "m": 2112, "name": "cpan-authors", "degen": 9, "maxdeg": 327}, "27": {"n": 6474, "avgdeg": 3.8838430645659563, "m": 12572, "name": "as20000102", "degen": 12, "maxdeg": 1458}, "28": {"n": 10876, "avgdeg": 7.354542111070247, "m": 39994, "name": "p2p-Gnutella04", "degen": 7, "maxdeg": 103}}}