{
    "_default": {
        "1": {
            "avgdeg": 84.69584245076587,
            "degen": 159,
            "m": 154824,
            "maxdeg": 1084,
            "n": 3656,
            "name": "twittercrawl",
            "td": 2125,
            "tw": 732
        },
        "2": {
            "avgdeg": 10.660869565217391,
            "degen": 8,
            "m": 613,
            "maxdeg": 12,
            "n": 115,
            "name": "football",
            "td": 87,
            "tw": 39
        },
        "3": {
            "avgdeg": 3.8590556730091614,
            "degen": 11,
            "m": 2738,
            "maxdeg": 84,
            "n": 1419,
            "name": "diseasome",
            "td": 37,
            "tw": 12
        },
        "4": {
            "avgdeg": 10.694395023656083,
            "degen": 95,
            "m": 405740,
            "maxdeg": 3044,
            "n": 75879,
            "name": "soc-Epinions1",
            "tw": 5336
        },
        "5": {
            "avgdeg": 3.753593429158111,
            "degen": 19,
            "m": 2742,
            "maxdeg": 34,
            "n": 1461,
            "name": "netscience",
            "td": 28,
            "tw": 20
        },
        "6": {
            "avgdeg": 5.129032258064516,
            "degen": 4,
            "m": 159,
            "maxdeg": 12,
            "n": 62,
            "name": "dolphins",
            "td": 26,
            "tw": 11
        },
        "7": {
            "avgdeg": 10.020222391802028,
            "degen": 47,
            "m": 183831,
            "maxdeg": 1383,
            "n": 36692,
            "name": "email-Enron",
            "tw": 2084
        },
        "8": {
            "avgdeg": 5.619335347432024,
            "degen": 3,
            "m": 930,
            "maxdeg": 6,
            "n": 331,
            "name": "hex",
            "td": 241,
            "tw": 30
        },
        "9": {
            "avgdeg": 7.353094731057223,
            "degen": 63,
            "m": 214078,
            "maxdeg": 1134,
            "n": 58228,
            "name": "loc-brightkite_edges",
            "tw": 4691
        },
        "10": {
            "avgdeg": 2.803867403314917,
            "degen": 4,
            "m": 1015,
            "maxdeg": 55,
            "n": 724,
            "name": "codeminer",
            "td": 53,
            "tw": 9
        },
        "11": {
            "avgdeg": 25.37253772192013,
            "degen": 39,
            "m": 352285,
            "maxdeg": 2468,
            "n": 27769,
            "name": "cit-HepTh"
        },
        "12": {
            "avgdeg": 12.129782833505688,
            "degen": 63,
            "m": 469180,
            "maxdeg": 2539,
            "n": 77360,
            "name": "soc-Slashdot0811"
        },
        "13": {
            "avgdeg": 4.588235294117647,
            "degen": 4,
            "m": 78,
            "maxdeg": 17,
            "n": 34,
            "name": "karate",
            "td": 8,
            "tw": 6
        },
        "14": {
            "avgdeg": 11.038297872340426,
            "degen": 13,
            "m": 1297,
            "maxdeg": 130,
            "n": 235,
            "name": "airlines",
            "td": 65,
            "tw": 41
        },
        "15": {
            "avgdeg": 3.24468085106383,
            "degen": 4,
            "m": 610,
            "maxdeg": 29,
            "n": 376,
            "name": "photoviz dynamic",
            "td": 45,
            "tw": 14
        },
        "16": {
            "avgdeg": 8.4,
            "degen": 6,
            "m": 441,
            "maxdeg": 25,
            "n": 105,
            "name": "polbooks",
            "td": 48,
            "tw": 14
        },
        "17": {
            "avgdeg": 27.312091503267975,
            "degen": 38,
            "m": 16715,
            "maxdeg": 351,
            "n": 1224,
            "name": "polblogs",
            "td": 459,
            "tw": 221
        },
        "18": {
            "avgdeg": 24.36617842876165,
            "degen": 30,
            "m": 420877,
            "maxdeg": 846,
            "n": 34546,
            "name": "cit-HepPh"
        },
        "19": {
            "avgdeg": 46.54621848739496,
            "degen": 33,
            "m": 5539,
            "maxdeg": 88,
            "n": 238,
            "name": "sp_data_school_day_2",
            "td": 208,
            "tw": 119
        },
        "20": {
            "avgdeg": 10.264150943396226,
            "degen": 9,
            "m": 272,
            "maxdeg": 32,
            "n": 53,
            "name": "bergen",
            "td": 24,
            "tw": 16
        },
        "21": {
            "avgdeg": 8.078416115505988,
            "degen": 25,
            "m": 93439,
            "maxdeg": 279,
            "n": 23133,
            "name": "ca-CondMat",
            "tw": 2082
        },
        "22": {
            "avgdeg": 19.738297517907714,
            "degen": 238,
            "m": 118489,
            "maxdeg": 491,
            "n": 12006,
            "name": "ca-HepPh",
            "td": 2153,
            "tw": 1252
        },
        "23": {
            "avgdeg": 6.597402597402597,
            "degen": 9,
            "m": 254,
            "maxdeg": 36,
            "n": 77,
            "name": "lesmiserables",
            "td": 20,
            "tw": 10
        },
        "24": {
            "avgdeg": 14.464646464646465,
            "degen": 10,
            "m": 2148,
            "maxdeg": 134,
            "n": 297,
            "name": "celegans",
            "td": 155,
            "tw": 71
        },
        "25": {
            "avgdeg": 7.589285714285714,
            "degen": 6,
            "m": 425,
            "maxdeg": 49,
            "n": 112,
            "name": "word_adjacencies",
            "td": 48,
            "tw": 31
        },
        "26": {
            "avgdeg": 5.034564958283671,
            "degen": 9,
            "m": 2112,
            "maxdeg": 327,
            "n": 839,
            "name": "cpan-authors",
            "td": 50,
            "tw": 36
        },
        "27": {
            "avgdeg": 3.8838430645659563,
            "degen": 12,
            "m": 12572,
            "maxdeg": 1458,
            "n": 6474,
            "name": "as20000102",
            "td": 282,
            "tw": 75
        },
        "28": {
            "avgdeg": 7.354542111070247,
            "degen": 7,
            "m": 39994,
            "maxdeg": 103,
            "n": 10876,
            "name": "p2p-Gnutella04",
            "tw": 2780
        },
        "29": {
            "avgdeg": 15.263015289336172,
            "degen": 25,
            "m": 39432,
            "maxdeg": 807,
            "n": 5167,
            "name": "soc-advogato",
            "td": 1367,
            "tw": 929
        },
        "30": {
            "avgdeg": 13.709810387469085,
            "degen": 24,
            "m": 16630,
            "maxdeg": 273,
            "n": 2426,
            "name": "soc-hamsterster",
            "td": 538,
            "tw": 279
        },
        "31": {
            "avgdeg": 3.3175893008295243,
            "degen": 12,
            "m": 39194,
            "maxdeg": 2761,
            "n": 23628,
            "name": "soc-gplus",
            "tw": 70
        },
        "32": {
            "avgdeg": 10.006737787759686,
            "degen": 18,
            "m": 8911,
            "maxdeg": 927,
            "n": 1781,
            "name": "bn-fly-drosophila_medulla_1",
            "td": 406,
            "tw": 176
        },
        "33": {
            "avgdeg": 6.555680539932508,
            "degen": 9,
            "m": 2914,
            "maxdeg": 102,
            "n": 889,
            "name": "soc-wiki-Vote",
            "td": 257,
            "tw": 71
        },
        "34": {
            "avgdeg": 4.171856708030906,
            "degen": 6,
            "m": 8909,
            "maxdeg": 175,
            "n": 4271,