{"_default": {"1": {"avgdeg": 84.69584245076587, "m": 154824, "name": "twittercrawl", "n": 3656, "maxdeg": 1084, "degen": 159}, "2": {"avgdeg": 10.660869565217391, "m": 613, "name": "football", "n": 115, "maxdeg": 12, "degen": 8}, "3": {"avgdeg": 3.8590556730091614, "m": 2738, "name": "diseasome", "n": 1419, "maxdeg": 84, "degen": 11}, "4": {"avgdeg": 10.694395023656083, "m": 405740, "name": "soc-Epinions1", "n": 75879, "maxdeg": 3044, "degen": 95}, "5": {"avgdeg": 3.753593429158111, "m": 2742, "name": "netscience", "n": 1461, "maxdeg": 34, "degen": 19}, "6": {"avgdeg": 5.129032258064516, "m": 159, "name": "dolphins", "n": 62, "maxdeg": 12, "degen": 4}, "7": {"avgdeg": 10.020222391802028, "m": 183831, "name": "email-Enron", "n": 36692, "maxdeg": 1383, "degen": 47}, "8": {"avgdeg": 5.619335347432024, "m": 930, "name": "hex", "n": 331, "maxdeg": 6, "degen": 3}, "9": {"avgdeg": 7.353094731057223, "m": 214078, "name": "loc-brightkite_edges", "n": 58228, "maxdeg": 1134, "degen": 63}, "10": {"avgdeg": 2.803867403314917, "m": 1015, "name": "codeminer", "n": 724, "maxdeg": 55, "degen": 4}, "11": {"avgdeg": 25.37253772192013, "m": 352285, "name": "cit-HepTh", "n": 27769, "maxdeg": 2468, "degen": 39}, "12": {"avgdeg": 12.129782833505688, "m": 469180, "name": "soc-Slashdot0811", "n": 77360, "maxdeg": 2539, "degen": 63}, "13": {"avgdeg": 4.588235294117647, "m": 78, "name": "karate", "n": 34, "maxdeg": 17, "degen": 4}, "14": {"avgdeg": 11.038297872340426, "m": 1297, "name": "airlines", "n": 235, "maxdeg": 130, "degen": 13}, "15": {"avgdeg": 3.24468085106383, "m": 610, "name": "photoviz dynamic", "n": 376, "maxdeg": 29, "degen": 4}, "16": {"avgdeg": 8.4, "m": 441, "name": "polbooks", "n": 105, "maxdeg": 25, "degen": 6}, "17": {"avgdeg": 27.312091503267975, "m": 16715, "name": "polblogs", "n": 1224, "maxdeg": 351, "degen": 38}, "18": {"avgdeg": 24.36617842876165, "m": 420877, "name": "cit-HepPh", "n": 34546, "maxdeg": 846, "degen": 30}, "19": {"avgdeg": 46.54621848739496, "m": 5539, "name": "sp_data_school_day_2", "n": 238, "maxdeg": 88, "degen": 33}, "20": {"avgdeg": 10.264150943396226, "m": 272, "name": "bergen", "n": 53, "maxdeg": 32, "degen": 9}, "21": {"avgdeg": 8.078416115505988, "m": 93439, "name": "ca-CondMat", "n": 23133, "maxdeg": 279, "degen": 25}, "22": {"avgdeg": 19.738297517907714, "m": 118489, "name": "ca-HepPh", "n": 12006, "maxdeg": 491, "degen": 238}, "23": {"avgdeg": 6.597402597402597, "m": 254, "name": "lesmiserables", "n": 77, "maxdeg": 36, "degen": 9}, "24": {"avgdeg": 14.464646464646465, "m": 2148, "name": "celegans", "n": 297, "maxdeg": 134, "degen": 10}, "25": {"avgdeg": 7.589285714285714, "m": 425, "name": "word_adjacencies", "n": 112, "maxdeg": 49, "degen": 6}, "26": {"avgdeg": 5.034564958283671, "m": 2112, "name": "cpan-authors", "n": 839, "maxdeg": 327, "degen": 9}, "27": {"avgdeg": 3.8838430645659563, "m": 12572, "name": "as20000102", "n": 6474, "maxdeg": 1458, "degen": 12}, "28": {"avgdeg": 7.354542111070247, "m": 39994, "name": "p2p-Gnutella04", "n": 10876, "maxdeg": 103, "degen": 7}}}