{"_default": {"1": {"td": 2125, "avgdeg": 84.69584245076587, "n": 3656, "maxdeg": 1084, "degen": 159, "name": "twittercrawl", "m": 154824}, "2": {"td": 87, "avgdeg": 10.660869565217391, "n": 115, "maxdeg": 12, "degen": 8, "name": "football", "m": 613}, "3": {"td": 37, "avgdeg": 3.8590556730091614, "n": 1419, "maxdeg": 84, "degen": 11, "name": "diseasome", "m": 2738}, "4": {"avgdeg": 10.694395023656083, "name": "soc-Epinions1", "maxdeg": 3044, "degen": 95, "n": 75879, "m": 405740}, "5": {"td": 28, "avgdeg": 3.753593429158111, "name": "netscience", "maxdeg": 34, "degen": 19, "n": 1461, "m": 2742}, "6": {"td": 26, "avgdeg": 5.129032258064516, "name": "dolphins", "maxdeg": 12, "degen": 4, "n": 62, "m": 159}, "7": {"avgdeg": 10.020222391802028, "name": "email-Enron", "maxdeg": 1383, "degen": 47, "n": 36692, "m": 183831}, "8": {"avgdeg": 5.619335347432024, "name": "hex", "maxdeg": 6, "degen": 3, "n": 331, "m": 930}, "9": {"avgdeg": 7.353094731057223, "name": "loc-brightkite_edges", "maxdeg": 1134, "degen": 63, "n": 58228, "m": 214078}, "10": {"avgdeg": 2.803867403314917, "name": "codeminer", "maxdeg": 55, "degen": 4, "n": 724, "m": 1015}, "11": {"avgdeg": 25.37253772192013, "name": "cit-HepTh", "maxdeg": 2468, "degen": 39, "n": 27769, "m": 352285}, "12": {"avgdeg": 12.129782833505688, "name": "soc-Slashdot0811", "maxdeg": 2539, "degen": 63, "n": 77360, "m": 469180}, "13": {"avgdeg": 4.588235294117647, "name": "karate", "maxdeg": 17, "degen": 4, "n": 34, "m": 78}, "14": {"avgdeg": 11.038297872340426, "name": "airlines", "maxdeg": 130, "degen": 13, "n": 235, "m": 1297}, "15": {"avgdeg": 3.24468085106383, "name": "photoviz dynamic", "maxdeg": 29, "degen": 4, "n": 376, "m": 610}, "16": {"avgdeg": 8.4, "name": "polbooks", "maxdeg": 25, "degen": 6, "n": 105, "m": 441}, "17": {"avgdeg": 27.312091503267975, "name": "polblogs", "maxdeg": 351, "degen": 38, "n": 1224, "m": 16715}, "18": {"avgdeg": 24.36617842876165, "name": "cit-HepPh", "maxdeg": 846, "degen": 30, "n": 34546, "m": 420877}, "19": {"avgdeg": 46.54621848739496, "name": "sp_data_school_day_2", "maxdeg": 88, "degen": 33, "n": 238, "m": 5539}, "20": {"avgdeg": 10.264150943396226, "name": "bergen", "maxdeg": 32, "degen": 9, "n": 53, "m": 272}, "21": {"avgdeg": 8.078416115505988, "name": "ca-CondMat", "maxdeg": 279, "degen": 25, "n": 23133, "m": 93439}, "22": {"avgdeg": 19.738297517907714, "name": "ca-HepPh", "maxdeg": 491, "degen": 238, "n": 12006, "m": 118489}, "23": {"avgdeg": 6.597402597402597, "name": "lesmiserables", "maxdeg": 36, "degen": 9, "n": 77, "m": 254}, "24": {"avgdeg": 14.464646464646465, "name": "celegans", "maxdeg": 134, "degen": 10, "n": 297, "m": 2148}, "25": {"avgdeg": 7.589285714285714, "name": "word_adjacencies", "maxdeg": 49, "degen": 6, "n": 112, "m": 425}, "26": {"avgdeg": 5.034564958283671, "name": "cpan-authors", "maxdeg": 327, "degen": 9, "n": 839, "m": 2112}, "27": {"avgdeg": 3.8838430645659563, "name": "as20000102", "maxdeg": 1458, "degen": 12, "n": 6474, "m": 12572}, "28": {"avgdeg": 7.354542111070247, "name": "p2p-Gnutella04", "maxdeg": 103, "degen": 7, "n": 10876, "m": 39994}}}