{
    "_default": {
        "1": {
            "td": 2125,
            "n": 3656,
            "m": 154824,
            "degen": 159,
            "name": "twittercrawl",
            "maxdeg": 1084,
            "avgdeg": 84.69584245076587
        },
        "2": {
            "td": 87,
            "n": 115,
            "m": 613,
            "degen": 8,
            "name": "football",
            "maxdeg": 12,
            "avgdeg": 10.660869565217391
        },
        "3": {
            "td": 37,
            "n": 1419,
            "m": 2738,
            "degen": 11,
            "name": "diseasome",
            "maxdeg": 84,
            "avgdeg": 3.8590556730091614
        },
        "4": {
            "n": 75879,
            "m": 405740,
            "degen": 95,
            "avgdeg": 10.694395023656083,
            "maxdeg": 3044,
            "name": "soc-Epinions1"
        },
        "5": {
            "td": 28,
            "n": 1461,
            "m": 2742,
            "degen": 19,
            "name": "netscience",
            "maxdeg": 34,
            "avgdeg": 3.753593429158111
        },
        "6": {
            "td": 26,
            "n": 62,
            "m": 159,
            "degen": 4,
            "name": "dolphins",
            "maxdeg": 12,
            "avgdeg": 5.129032258064516
        },
        "7": {
            "n": 36692,
            "m": 183831,
            "degen": 47,
            "avgdeg": 10.020222391802028,
            "maxdeg": 1383,
            "name": "email-Enron"
        },
        "8": {
            "n": 331,
            "m": 930,
            "degen": 3,
            "avgdeg": 5.619335347432024,
            "maxdeg": 6,
            "name": "hex"
        },
        "9": {
            "n": 58228,
            "m": 214078,
            "degen": 63,
            "avgdeg": 7.353094731057223,
            "maxdeg": 1134,
            "name": "loc-brightkite_edges"
        },
        "10": {
            "td": 53,
            "n": 724,
            "m": 1015,
            "degen": 4,
            "name": "codeminer",
            "maxdeg": 55,
            "avgdeg": 2.803867403314917
        },
        "11": {
            "n": 27769,
            "m": 352285,
            "degen": 39,
            "avgdeg": 25.37253772192013,
            "maxdeg": 2468,
            "name": "cit-HepTh"
        },
        "12": {
            "n": 77360,
            "m": 469180,
            "degen": 63,
            "avgdeg": 12.129782833505688,
            "maxdeg": 2539,
            "name": "soc-Slashdot0811"
        },
        "13": {
            "n": 34,
            "m": 78,
            "degen": 4,
            "avgdeg": 4.588235294117647,
            "maxdeg": 17,
            "name": "karate"
        },
        "14": {
            "td": 65,
            "n": 235,
            "m": 1297,
            "degen": 13,
            "name": "airlines",
            "maxdeg": 130,
            "avgdeg": 11.038297872340426
        },
        "15": {
            "n": 376,
            "m": 610,
            "degen": 4,
            "avgdeg": 3.24468085106383,
            "maxdeg": 29,
            "name": "photoviz dynamic"
        },
        "16": {
            "n": 105,
            "m": 441,
            "degen": 6,
            "avgdeg": 8.4,
            "maxdeg": 25,
            "name": "polbooks"
        },
        "17": {
            "n": 1224,
            "m": 16715,
            "degen": 38,
            "avgdeg": 27.312091503267975,
            "maxdeg": 351,
            "name": "polblogs"
        },
        "18": {
            "n": 34546,
            "m": 420877,
            "degen": 30,
            "avgdeg": 24.36617842876165,
            "maxdeg": 846,
            "name": "cit-HepPh"
        },
        "19": {
            "n": 238,
            "m": 5539,
            "degen": 33,
            "avgdeg": 46.54621848739496,
            "maxdeg": 88,
            "name": "sp_data_school_day_2"
        },
        "20": {
            "n": 53,
            "m": 272,
            "degen": 9,
            "avgdeg": 10.264150943396226,
            "maxdeg": 32,
            "name": "bergen"
        },
        "21": {
            "n": 23133,
            "m": 93439,
            "degen": 25,
            "avgdeg": 8.078416115505988,
            "maxdeg": 279,
            "name": "ca-CondMat"
        },
        "22": {
            "td": 2153,
            "n": 12006,
            "m": 118489,
            "degen": 238,
            "name": "ca-HepPh",
            "maxdeg": 491,
            "avgdeg": 19.738297517907714
        },
        "23": {
            "n": 77,
            "m": 254,
            "degen": 9,
            "avgdeg": 6.597402597402597,
            "maxdeg": 36,
            "name": "lesmiserables"
        },
        "24": {
            "td": 155,
            "n": 297,
            "m": 2148,
            "degen": 10,
            "name": "celegans",
            "maxdeg": 134,
            "avgdeg": 14.464646464646465
        },
        "25": {
            "n": 112,
            "m": 425,
            "degen": 6,
            "avgdeg": 7.589285714285714,
            "maxdeg": 49,
            "name": "word_adjacencies"
        },
        "26": {
            "n": 839,
            "m": 2112,
            "degen": 9,
            "avgdeg": 5.034564958283671,
            "maxdeg": 327,
            "name": "cpan-authors"
        },
        "27": {
            "n": 6474,
            "m": 12572,
            "degen": 12,
            "avgdeg": 3.8838430645659563,
            "maxdeg": 1458,
            "name": "as20000102"
        },
        "28": {
            "n": 10876,
            "m": 39994,
            "degen": 7,
            "avgdeg": 7.354542111070247,
            "maxdeg": 103,
            "name": "p2p-Gnutella04"
        }
    }
}