{"_default": {"1": {"maxdeg": 1084, "name": "twittercrawl", "degen": 159, "td": 2125, "m": 154824, "avgdeg": 84.69584245076587, "n": 3656}, "2": {"maxdeg": 12, "name": "football", "degen": 8, "td": 87, "m": 613, "avgdeg": 10.660869565217391, "n": 115}, "3": {"maxdeg": 84, "name": "diseasome", "degen": 11, "td": 37, "m": 2738, "avgdeg": 3.8590556730091614, "n": 1419}, "4": {"maxdeg": 3044, "name": "soc-Epinions1", "degen": 95, "m": 405740, "avgdeg": 10.694395023656083, "n": 75879}, "5": {"maxdeg": 34, "name": "netscience", "degen": 19, "td": 28, "m": 2742, "avgdeg": 3.753593429158111, "n": 1461}, "6": {"maxdeg": 12, "name": "dolphins", "degen": 4, "td": 26, "m": 159, "avgdeg": 5.129032258064516, "n": 62}, "7": {"maxdeg": 1383, "name": "email-Enron", "degen": 47, "m": 183831, "avgdeg": 10.020222391802028, "n": 36692}, "8": {"maxdeg": 6, "name": "hex", "degen": 3, "m": 930, "avgdeg": 5.619335347432024, "n": 331}, "9": {"maxdeg": 1134, "name": "loc-brightkite_edges", "degen": 63, "m": 214078, "avgdeg": 7.353094731057223, "n": 58228}, "10": {"maxdeg": 55, "name": "codeminer", "degen": 4, "td": 53, "m": 1015, "avgdeg": 2.803867403314917, "n": 724}, "11": {"maxdeg": 2468, "name": "cit-HepTh", "degen": 39, "m": 352285, "avgdeg": 25.37253772192013, "n": 27769}, "12": {"maxdeg": 2539, "name": "soc-Slashdot0811", "degen": 63, "m": 469180, "avgdeg": 12.129782833505688, "n": 77360}, "13": {"maxdeg": 17, "name": "karate", "degen": 4, "m": 78, "avgdeg": 4.588235294117647, "n": 34}, "14": {"maxdeg": 130, "name": "airlines", "degen": 13, "td": 65, "m": 1297, "avgdeg": 11.038297872340426, "n": 235}, "15": {"maxdeg": 29, "name": "photoviz dynamic", "degen": 4, "m": 610, "avgdeg": 3.24468085106383, "n": 376}, "16": {"maxdeg": 25, "name": "polbooks", "degen": 6, "m": 441, "avgdeg": 8.4, "n": 105}, "17": {"maxdeg": 351, "name": "polblogs", "degen": 38, "m": 16715, "avgdeg": 27.312091503267975, "n": 1224}, "18": {"maxdeg": 846, "name": "cit-HepPh", "degen": 30, "m": 420877, "avgdeg": 24.36617842876165, "n": 34546}, "19": {"maxdeg": 88, "name": "sp_data_school_day_2", "degen": 33, "m": 5539, "avgdeg": 46.54621848739496, "n": 238}, "20": {"maxdeg": 32, "name": "bergen", "degen": 9, "m": 272, "avgdeg": 10.264150943396226, "n": 53}, "21": {"maxdeg": 279, "name": "ca-CondMat", "degen": 25, "m": 93439, "avgdeg": 8.078416115505988, "n": 23133}, "22": {"maxdeg": 491, "name": "ca-HepPh", "degen": 238, "td": 2153, "m": 118489, "avgdeg": 19.738297517907714, "n": 12006}, "23": {"maxdeg": 36, "name": "lesmiserables", "degen": 9, "m": 254, "avgdeg": 6.597402597402597, "n": 77}, "24": {"maxdeg": 134, "name": "celegans", "degen": 10, "td": 155, "m": 2148, "avgdeg": 14.464646464646465, "n": 297}, "25": {"maxdeg": 49, "name": "word_adjacencies", "degen": 6, "m": 425, "avgdeg": 7.589285714285714, "n": 112}, "26": {"maxdeg": 327, "name": "cpan-authors", "degen": 9, "m": 2112, "avgdeg": 5.034564958283671, "n": 839}, "27": {"maxdeg": 1458, "name": "as20000102", "degen": 12, "m": 12572, "avgdeg": 3.8838430645659563, "n": 6474}, "28": {"maxdeg": 103, "name": "p2p-Gnutella04", "degen": 7, "m": 39994, "avgdeg": 7.354542111070247, "n": 10876}}}